,SpatialDimType,SpatialDim,ParentLocation,TimeDim,Dim1,NumericValue
count,12936,12936,12210,12936.0,12936,12936.0
unique,4,196,6,,3,
top,COUNTRY,PRT,Europe,,SEX_BTSX,
freq,12210,66,3300,,4312,
mean,,,,2010.5,,70.17089000141696
std,,,,6.344534002778155,,8.799312569985497
min,,,,2000.0,,36.59915316
25%,,,,2005.0,,64.30417653999999
50%,,,,2010.5,,71.73677531
75%,,,,2016.0,,77.0067675875
max,,,,2021.0,,87.37102664
